DATA_PRELIEVO_DIAGNOSI;CASI
29/01/2020;2
30/01/2020;0
31/01/2020;0
01/02/2020;0
02/02/2020;0
03/02/2020;0
04/02/2020;0
05/02/2020;0
06/02/2020;1
07/02/2020;0
08/02/2020;0
09/02/2020;0
10/02/2020;0
11/02/2020;0
12/02/2020;0
13/02/2020;0
14/02/2020;0
15/02/2020;0
16/02/2020;0
17/02/2020;0
18/02/2020;0
19/02/2020;0
20/02/2020;4
21/02/2020;37
22/02/2020;57
23/02/2020;76
24/02/2020;86
25/02/2020;193
26/02/2020;278
27/02/2020;286
28/02/2020;354
29/02/2020;371
01/03/2020;410
02/03/2020;629
03/03/2020;803
04/03/2020;1075
05/03/2020;1302
06/03/2020;1529
07/03/2020;1655
08/03/2020;1450
09/03/2020;2240
10/03/2020;2458
11/03/2020;2776
12/03/2020;3143
13/03/2020;4105
14/03/2020;3538
15/03/2020;2851
16/03/2020;4816
17/03/2020;5348
18/03/2020;5690
19/03/2020;5681
20/03/2020;6262
21/03/2020;4920
22/03/2020;3928
23/03/2020;6103
24/03/2020;5916
25/03/2020;5804
26/03/2020;5701
27/03/2020;5794
28/03/2020;4539
29/03/2020;3013
30/03/2020;5091
31/03/2020;5362
01/04/2020;5026
02/04/2020;4779
03/04/2020;4447
04/04/2020;3672
05/04/2020;2600
06/04/2020;4093
07/04/2020;4146
08/04/2020;4795
09/04/2020;4689
10/04/2020;5128
11/04/2020;3434
12/04/2020;1920
13/04/2020;2273
14/04/2020;3276
15/04/2020;3949
16/04/2020;3702
17/04/2020;3499
18/04/2020;2641
19/04/2020;1390
20/04/2020;3009
21/04/2020;3081
22/04/2020;2606
23/04/2020;2814
24/04/2020;2737
25/04/2020;1666
26/04/2020;1017
27/04/2020;1983
28/04/2020;2241
29/04/2020;2329
30/04/2020;2268
01/05/2020;1084
02/05/2020;1023
03/05/2020;505
04/05/2020;1457
05/05/2020;1536
06/05/2020;1441
07/05/2020;1389
08/05/2020;1380
09/05/2020;732
10/05/2020;337
11/05/2020;875
12/05/2020;914
13/05/2020;889
14/05/2020;900
15/05/2020;793
16/05/2020;607
17/05/2020;299
18/05/2020;656
19/05/2020;721
20/05/2020;677
21/05/2020;621
22/05/2020;684
23/05/2020;356
24/05/2020;147
25/05/2020;513
26/05/2020;540
27/05/2020;523
28/05/2020;516
29/05/2020;386
30/05/2020;286
31/05/2020;89
01/06/2020;378
02/06/2020;88
03/06/2020;358
04/06/2020;361
05/06/2020;385
06/06/2020;203
07/06/2020;84
08/06/2020;300
09/06/2020;370
10/06/2020;394
11/06/2020;449
12/06/2020;369
13/06/2020;214
14/06/2020;68
15/06/2020;276
16/06/2020;280
17/06/2020;303
18/06/2020;233
19/06/2020;290
20/06/2020;165
21/06/2020;62
22/06/2020;338
23/06/2020;289
24/06/2020;209
25/06/2020;203
26/06/2020;186
27/06/2020;124
28/06/2020;66
29/06/2020;231
30/06/2020;202
01/07/2020;237
02/07/2020;250
03/07/2020;244
04/07/2020;226
05/07/2020;77
06/07/2020;237
07/07/2020;225
08/07/2020;289
09/07/2020;221
10/07/2020;256
11/07/2020;164
12/07/2020;66
13/07/2020;192
14/07/2020;243
15/07/2020;240
16/07/2020;266
17/07/2020;282
18/07/2020;172
19/07/2020;111
20/07/2020;319
21/07/2020;279
22/07/2020;289
23/07/2020;271
24/07/2020;313
25/07/2020;195
26/07/2020;91
27/07/2020;326
28/07/2020;319
29/07/2020;472
30/07/2020;567
31/07/2020;324
01/08/2020;202
02/08/2020;106
03/08/2020;423
04/08/2020;394
05/08/2020;509
06/08/2020;400
07/08/2020;499
08/08/2020;346
09/08/2020;198
10/08/2020;502
11/08/2020;540
12/08/2020;630
13/08/2020;549
14/08/2020;635
15/08/2020;326
16/08/2020;299
17/08/2020;703
18/08/2020;929
19/08/2020;1085
20/08/2020;1170
21/08/2020;1424
22/08/2020;1062
23/08/2020;719
24/08/2020;1678
25/08/2020;1597
26/08/2020;1549
27/08/2020;1527
28/08/2020;1468
29/08/2020;1085
30/08/2020;577
31/08/2020;1427
01/09/2020;1430
02/09/2020;1621
03/09/2020;1606
04/09/2020;1650
05/09/2020;1154
06/09/2020;560
07/09/2020;1543
08/09/2020;1611
09/09/2020;1631
10/09/2020;1672
11/09/2020;1620
12/09/2020;1221
13/09/2020;597
14/09/2020;1668
15/09/2020;1831
16/09/2020;1618
17/09/2020;1757
18/09/2020;1931
19/09/2020;1338
20/09/2020;661
21/09/2020;1972
22/09/2020;1935
23/09/2020;2062
24/09/2020;2015
25/09/2020;2104
26/09/2020;1496
27/09/2020;908
28/09/2020;2281
29/09/2020;2331
30/09/2020;2625
01/10/2020;3057
02/10/2020;3342
03/10/2020;2622
04/10/2020;1759
05/10/2020;4678
06/10/2020;4962
07/10/2020;5491
08/10/2020;6215
09/10/2020;7032
10/10/2020;6048
11/10/2020;3434
12/10/2020;9603
13/10/2020;10483
14/10/2020;11503
15/10/2020;12247
16/10/2020;13826
17/10/2020;11928
18/10/2020;6432
19/10/2020;17662
20/10/2020;19789
21/10/2020;22856
22/10/2020;24298
23/10/2020;26237
24/10/2020;20314
25/10/2020;11348
26/10/2020;28806
27/10/2020;31845
28/10/2020;34341
29/10/2020;33396
30/10/2020;35646
31/10/2020;25839
01/11/2020;13889
02/11/2020;35457
03/11/2020;38490
04/11/2020;41794
05/11/2020;40726
06/11/2020;42064
07/11/2020;30485
08/11/2020;15679
09/11/2020;39404
10/11/2020;40888
11/11/2020;39802
12/11/2020;39314
13/11/2020;40291
14/11/2020;29182
15/11/2020;14606
16/11/2020;36699
17/11/2020;38566
18/11/2020;37081
19/11/2020;35500
20/11/2020;32914
21/11/2020;22863
22/11/2020;10855
23/11/2020;28525
24/11/2020;28903
25/11/2020;27505
26/11/2020;26617
27/11/2020;24493
28/11/2020;18250
29/11/2020;8261
30/11/2020;22595
01/12/2020;23258
02/12/2020;21671
03/12/2020;20279
04/12/2020;20530
05/12/2020;15431
06/12/2020;6360
07/12/2020;19739
08/12/2020;7735
09/12/2020;20180
10/12/2020;20724
11/12/2020;19834
12/12/2020;14344
13/12/2020;5777
14/12/2020;18206
15/12/2020;18621
16/12/2020;17043
17/12/2020;16597
18/12/2020;17040
19/12/2020;12997
20/12/2020;6456
21/12/2020;17336
22/12/2020;19674
23/12/2020;19185
24/12/2020;15974
25/12/2020;4602
26/12/2020;7981
27/12/2020;7745
28/12/2020;19240
29/12/2020;24232
30/12/2020;23979
31/12/2020;19243
01/01/2021;5895
02/01/2021;16295
03/01/2021;8396
04/01/2021;23012
05/01/2021;24940
06/01/2021;9126
07/01/2021;21604
08/01/2021;21217
09/01/2021;15638
10/01/2021;7001
11/01/2021;17112
12/01/2021;16542
13/01/2021;15530
14/01/2021;14724
15/01/2021;14422
16/01/2021;10939
17/01/2021;5037
18/01/2021;14596
19/01/2021;14639
20/01/2021;13797
21/01/2021;12967
22/01/2021;13777
23/01/2021;10561
24/01/2021;4892
25/01/2021;14395
26/01/2021;14683
27/01/2021;13409
28/01/2021;12278
29/01/2021;13041
30/01/2021;10287
31/01/2021;4823
01/02/2021;13486
02/02/2021;14018
03/02/2021;13410
04/02/2021;13345
05/02/2021;13665
06/02/2021;10780
07/02/2021;4834
08/02/2021;13946
09/02/2021;14691
10/02/2021;13943
11/02/2021;13482
12/02/2021;13176
13/02/2021;9857
14/02/2021;4404
15/02/2021;13017
16/02/2021;14152
17/02/2021;14129
18/02/2021;14683
19/02/2021;15499
20/02/2021;12701
21/02/2021;5808
22/02/2021;18043
23/02/2021;19945
24/02/2021;19990
25/02/2021;19592
26/02/2021;21031
27/02/2021;16047
28/02/2021;7111
01/03/2021;22082
02/03/2021;23227
03/03/2021;24034
04/03/2021;22916
05/03/2021;24425
06/03/2021;18226
07/03/2021;8051
08/03/2021;24022
09/03/2021;26069
10/03/2021;25831
11/03/2021;25827
12/03/2021;25430
13/03/2021;20135
14/03/2021;8960
15/03/2021;24480
16/03/2021;26009
17/03/2021;24923
18/03/2021;24123
19/03/2021;23645
20/03/2021;17960
21/03/2021;8437
22/03/2021;23400
23/03/2021;24610
24/03/2021;24308
25/03/2021;23262
26/03/2021;23510
27/03/2021;17380
28/03/2021;8212
29/03/2021;22456
30/03/2021;23494
31/03/2021;22300
01/04/2021;21729
02/04/2021;20570
03/04/2021;15584
04/04/2021;5671
05/04/2021;7261
06/04/2021;18557
07/04/2021;19284
08/04/2021;17733
09/04/2021;17348
10/04/2021;14077
11/04/2021;6752
12/04/2021;16891
13/04/2021;17368
14/04/2021;16360
15/04/2021;15032
16/04/2021;15142
17/04/2021;11473
18/04/2021;5806
19/04/2021;14765
20/04/2021;15703
21/04/2021;14858
22/04/2021;14307
23/04/2021;14544
24/04/2021;12083
25/04/2021;5276
26/04/2021;13711
27/04/2021;14450
28/04/2021;13803
29/04/2021;12458
30/04/2021;12961
01/05/2021;6139
02/05/2021;4626
03/05/2021;11501
04/05/2021;11414
05/05/2021;10802
06/05/2021;9536
07/05/2021;9546
08/05/2021;7422
09/05/2021;3595
10/05/2021;8152
11/05/2021;8285
12/05/2021;7523
13/05/2021;6723
14/05/2021;6584
15/05/2021;5055
16/05/2021;2173
17/05/2021;5518
18/05/2021;5841
19/05/2021;5124
20/05/2021;4430
21/05/2021;4540
22/05/2021;3649
23/05/2021;1479
24/05/2021;4004
25/05/2021;4046
26/05/2021;3699
27/05/2021;3421
28/05/2021;3422
29/05/2021;2701
30/05/2021;1190
31/05/2021;2969
01/06/2021;3160
02/06/2021;1256
03/06/2021;2744
04/06/2021;2982
05/06/2021;2069
06/06/2021;965
07/06/2021;2218
08/06/2021;2156
09/06/2021;1848
10/06/2021;1805
11/06/2021;1826
12/06/2021;1186
13/06/2021;568
14/06/2021;1467
15/06/2021;1333
16/06/2021;1232
17/06/2021;1123
18/06/2021;1088
19/06/2021;827
20/06/2021;368
21/06/2021;958
22/06/2021;946
23/06/2021;807
24/06/2021;799
25/06/2021;858
26/06/2021;655
27/06/2021;277
28/06/2021;841
29/06/2021;804
30/06/2021;882
01/07/2021;915
02/07/2021;994
03/07/2021;831
04/07/2021;406
05/07/2021;1142
06/07/2021;1387
07/07/2021;1222
08/07/2021;1400
09/07/2021;1499
10/07/2021;1410
11/07/2021;799
12/07/2021;2008
13/07/2021;2614
14/07/2021;2639
15/07/2021;3211
16/07/2021;3718
17/07/2021;2991
18/07/2021;1759
19/07/2021;4255
20/07/2021;5092
21/07/2021;5147
22/07/2021;4972
23/07/2021;5457
24/07/2021;4261
25/07/2021;2208
26/07/2021;6325
27/07/2021;6434
28/07/2021;6187
29/07/2021;5960
30/07/2021;6222
31/07/2021;4972
01/08/2021;2400
02/08/2021;6663
03/08/2021;7131
04/08/2021;7164
05/08/2021;6423
06/08/2021;7140
07/08/2021;5111
08/08/2021;3017
09/08/2021;7057
10/08/2021;7509
11/08/2021;7028
12/08/2021;7146
13/08/2021;7017
14/08/2021;5183
15/08/2021;2369
16/08/2021;6741
17/08/2021;7755
18/08/2021;7395
19/08/2021;7182
20/08/2021;7536
21/08/2021;5746
22/08/2021;3130
23/08/2021;7851
24/08/2021;7957
25/08/2021;7763
26/08/2021;7019
27/08/2021;7071
28/08/2021;5608
29/08/2021;2915
30/08/2021;6882
31/08/2021;7093
01/09/2021;6622
02/09/2021;6199
03/09/2021;6275
04/09/2021;4645
05/09/2021;2379
06/09/2021;5813
07/09/2021;6006
08/09/2021;5421
09/09/2021;4977
10/09/2021;5115
11/09/2021;3948
12/09/2021;1833
13/09/2021;4944
14/09/2021;5208
15/09/2021;4870
16/09/2021;4301
17/09/2021;4463
18/09/2021;3484
19/09/2021;1709
20/09/2021;4273
21/09/2021;4158
22/09/2021;3888
23/09/2021;3561
24/09/2021;3633
25/09/2021;2921
26/09/2021;1324
27/09/2021;3537
28/09/2021;3694
29/09/2021;3469
30/09/2021;3318
01/10/2021;3169
02/10/2021;2712
03/10/2021;1076
04/10/2021;3133
05/10/2021;3210
06/10/2021;2923
07/10/2021;2806
08/10/2021;2696
09/10/2021;2116
10/10/2021;1229
11/10/2021;3061
12/10/2021;2838
13/10/2021;2712
14/10/2021;2797
15/10/2021;2990
16/10/2021;2404
17/10/2021;1226
18/10/2021;3769
19/10/2021;3954
20/10/2021;3971
21/10/2021;4066
22/10/2021;4543
23/10/2021;3645
24/10/2021;1610
25/10/2021;4937
26/10/2021;5149
27/10/2021;5247
28/10/2021;5101
29/10/2021;5103
30/10/2021;4593
31/10/2021;2209
01/11/2021;2879
02/11/2021;6502
03/11/2021;6680
04/11/2021;7204
05/11/2021;7345
06/11/2021;5816
07/11/2021;2686
08/11/2021;8200
09/11/2021;8841
10/11/2021;8448
11/11/2021;8177
12/11/2021;9151
13/11/2021;7752
14/11/2021;3574
15/11/2021;10325
16/11/2021;11412
17/11/2021;10752
18/11/2021;11142
19/11/2021;11636
20/11/2021;9763
21/11/2021;4446
22/11/2021;13045
23/11/2021;13854
24/11/2021;13864
25/11/2021;13607
26/11/2021;14197
27/11/2021;12418
28/11/2021;5783
29/11/2021;16260
30/11/2021;16426
01/12/2021;16270
02/12/2021;17054
03/12/2021;17532
04/12/2021;14610
05/12/2021;6975
06/12/2021;19969
07/12/2021;20412
08/12/2021;10186
09/12/2021;21607
10/12/2021;22992
11/12/2021;19493
12/12/2021;9335
13/12/2021;25944
14/12/2021;26604
15/12/2021;26834
16/12/2021;27483
17/12/2021;30139
18/12/2021;24432
19/12/2021;12617
20/12/2021;38868
21/12/2021;42784
22/12/2021;52205
23/12/2021;59220
24/12/2021;59336
25/12/2021;15612
26/12/2021;29608
27/12/2021;113734
28/12/2021;132154
29/12/2021;162787
30/12/2021;171014
31/12/2021;143234
01/01/2022;37279
02/01/2022;68694
03/01/2022;229738
04/01/2022;218644
05/01/2022;220757
06/01/2022;74695
07/01/2022;244471
08/01/2022;162168
09/01/2022;75141
10/01/2022;253165
11/01/2022;205840
12/01/2022;189461
13/01/2022;176733
14/01/2022;181853
15/01/2022;145682
16/01/2022;64843
17/01/2022;240075
18/01/2022;194942
19/01/2022;190316
20/01/2022;174694
21/01/2022;175065
22/01/2022;136634
23/01/2022;61809
24/01/2022;209634
25/01/2022;159286
26/01/2022;152891
27/01/2022;135469
28/01/2022;132601
29/01/2022;103453
30/01/2022;46902
31/01/2022;153272
01/02/2022;114812
02/02/2022;107015
03/02/2022;94116
04/02/2022;91392
05/02/2022;74154
06/02/2022;34081
07/02/2022;111256
08/02/2022;78836
09/02/2022;73602
10/02/2022;63843
11/02/2022;61078
12/02/2022;49888
13/02/2022;24168
14/02/2022;78057
15/02/2022;56660
16/02/2022;57691
17/02/2022;52248
18/02/2022;50494
19/02/2022;42032
20/02/2022;20666
21/02/2022;65749
22/02/2022;46171
23/02/2022;47179
24/02/2022;41162
25/02/2022;39041
26/02/2022;31466
27/02/2022;15456
28/02/2022;53246
01/03/2022;36763
02/03/2022;43192
03/03/2022;40631
04/03/2022;43028
05/03/2022;37899
06/03/2022;19969
07/03/2022;67677
08/03/2022;51011
09/03/2022;56438
10/03/2022;55950
11/03/2022;57743
12/03/2022;50995
13/03/2022;26605
14/03/2022;97899
15/03/2022;75782
16/03/2022;83664
17/03/2022;79074
18/03/2022;75843
19/03/2022;61944
20/03/2022;29234
21/03/2022;105180
22/03/2022;77891
23/03/2022;82549
24/03/2022;75672
25/03/2022;75533
26/03/2022;61223
27/03/2022;27529
28/03/2022;109566
29/03/2022;79451
30/03/2022;77233
31/03/2022;74191
01/04/2022;72202
02/04/2022;55713
03/04/2022;25976
04/04/2022;96588
05/04/2022;69681
06/04/2022;72173
07/04/2022;66778
08/04/2022;65586
09/04/2022;54552
10/04/2022;23940
11/04/2022;89935
12/04/2022;61889
13/04/2022;65786
14/04/2022;62819
15/04/2022;64441
16/04/2022;53601
17/04/2022;16559
18/04/2022;25627
19/04/2022;110087
20/04/2022;76600
21/04/2022;73283
22/04/2022;72557
23/04/2022;55932
24/04/2022;24239
25/04/2022;28887
26/04/2022;100294
27/04/2022;64321
28/04/2022;57833
29/04/2022;54053
30/04/2022;41033
01/05/2022;15450
02/05/2022;69639
03/05/2022;47315
04/05/2022;47198
05/05/2022;43945
06/05/2022;41568
07/05/2022;32403
08/05/2022;15232
09/05/2022;60624
10/05/2022;41745
11/05/2022;42248
12/05/2022;38406
13/05/2022;36602
14/05/2022;27302
15/05/2022;11723
16/05/2022;48021
17/05/2022;30867
18/05/2022;30759
19/05/2022;26885
20/05/2022;24586
21/05/2022;18079
22/05/2022;8738
23/05/2022;34114
24/05/2022;22585
25/05/2022;22317
26/05/2022;19708
27/05/2022;18686
28/05/2022;14949
29/05/2022;7085
30/05/2022;26120
31/05/2022;18671
01/06/2022;19592
02/06/2022;6946
03/06/2022;24628
04/06/2022;15539
05/06/2022;8133
06/06/2022;30887
07/06/2022;22924
08/06/2022;23675
09/06/2022;22725
10/06/2022;22949
11/06/2022;19335
12/06/2022;10100
13/06/2022;43229
14/06/2022;34097
15/06/2022;38023
16/06/2022;37830
17/06/2022;38780
18/06/2022;31457
19/06/2022;15698
20/06/2022;69194
21/06/2022;53337
22/06/2022;58407
23/06/2022;57763
24/06/2022;58503
25/06/2022;50153
26/06/2022;23779
27/06/2022;105727
28/06/2022;80397
29/06/2022;85077
30/06/2022;87422
01/07/2022;89979
02/07/2022;73125
03/07/2022;34010
04/07/2022;148567
05/07/2022;108341
06/07/2022;110528
07/07/2022;101210
08/07/2022;102885
09/07/2022;82163
10/07/2022;35359
11/07/2022;155247
12/07/2022;111277
13/07/2022;108806
14/07/2022;97116
15/07/2022;92657
16/07/2022;70233
17/07/2022;29154
18/07/2022;128415
19/07/2022;85362
20/07/2022;81535
21/07/2022;71378
22/07/2022;69489
23/07/2022;52190
24/07/2022;21518
25/07/2022;96224
26/07/2022;63760
27/07/2022;59781
28/07/2022;53158
29/07/2022;50537
30/07/2022;38719
31/07/2022;16129
01/08/2022;69752
02/08/2022;44799
03/08/2022;42307
04/08/2022;37566
05/08/2022;34983
06/08/2022;26834
07/08/2022;10988
08/08/2022;45787
09/08/2022;30085
10/08/2022;28309
11/08/2022;25582
12/08/2022;24707
13/08/2022;19482
14/08/2022;9833
15/08/2022;8355
16/08/2022;38884
17/08/2022;26352
18/08/2022;24440
19/08/2022;24452
20/08/2022;20037
21/08/2022;9000
22/08/2022;37626
23/08/2022;25370
24/08/2022;22721
25/08/2022;21793
26/08/2022;22394
27/08/2022;17702
28/08/2022;7629
29/08/2022;32963
30/08/2022;21226
31/08/2022;20605
01/09/2022;18637
02/09/2022;17736
03/09/2022;13600
04/09/2022;5805
05/09/2022;26223
06/09/2022;17250
07/09/2022;17198
08/09/2022;15352
09/09/2022;15742
10/09/2022;12492
11/09/2022;5797
12/09/2022;25723
13/09/2022;17517
14/09/2022;17928
15/09/2022;17620
16/09/2022;17385
17/09/2022;13814
18/09/2022;6535
19/09/2022;29795
20/09/2022;21221
21/09/2022;22522
22/09/2022;21927
23/09/2022;22706
24/09/2022;19273
25/09/2022;9652
26/09/2022;47437
27/09/2022;37001
28/09/2022;37712
29/09/2022;34886
30/09/2022;34624
01/10/2022;28930
02/10/2022;12749
03/10/2022;64389
04/10/2022;44029
05/10/2022;46894
06/10/2022;44452
07/10/2022;44664
08/10/2022;34290
09/10/2022;14109
10/10/2022;69150
11/10/2022;46984
12/10/2022;45985
13/10/2022;40046
14/10/2022;39656
15/10/2022;29698
16/10/2022;12103
17/10/2022;62300
18/10/2022;40797
19/10/2022;39427
20/10/2022;35397
21/10/2022;33326
22/10/2022;25406
23/10/2022;10596
24/10/2022;51162
25/10/2022;33240
26/10/2022;31552
27/10/2022;28372
28/10/2022;26508
29/10/2022;19137
30/10/2022;7486
31/10/2022;33940
01/11/2022;8654
02/11/2022;41436
03/11/2022;27618
04/11/2022;26602
05/11/2022;20881
06/11/2022;8814
07/11/2022;41613
08/11/2022;27376
09/11/2022;28247
10/11/2022;26906
11/11/2022;28138
12/11/2022;22665
13/11/2022;10392
14/11/2022;50485
15/11/2022;35564
16/11/2022;35835
17/11/2022;34215
18/11/2022;33257
19/11/2022;25505
20/11/2022;11367
21/11/2022;54771
22/11/2022;32933
23/11/2022;37154
24/11/2022;33721
25/11/2022;31903
26/11/2022;24305
27/11/2022;10960
28/11/2022;54091
29/11/2022;35382
30/11/2022;34869
01/12/2022;33337
02/12/2022;33047
03/12/2022;25117
04/12/2022;11250
05/12/2022;52309
06/12/2022;33233
07/12/2022;31130
08/12/2022;9296
09/12/2022;35184
10/12/2022;21539
11/12/2022;10760
12/12/2022;44724
13/12/2022;26086
14/12/2022;24281
15/12/2022;21998
16/12/2022;20992
17/12/2022;16387
18/12/2022;7512
19/12/2022;29865
20/12/2022;19893
21/12/2022;19323
22/12/2022;18454
23/12/2022;19910
24/12/2022;15922
25/12/2022;4312
26/12/2022;8300
27/12/2022;31725
28/12/2022;23367
29/12/2022;24369
30/12/2022;24481
31/12/2022;16907
01/01/2023;4201
02/01/2023;28254
03/01/2023;18505
04/01/2023;17691
05/01/2023;16349
06/01/2023;4271
07/01/2023;14255
08/01/2023;5024
09/01/2023;20667
10/01/2023;11702
11/01/2023;10279
12/01/2023;8760
13/01/2023;7784
14/01/2023;6015
15/01/2023;2603
16/01/2023;12056
17/01/2023;7166
18/01/2023;7020
19/01/2023;6240
20/01/2023;5362
21/01/2023;3859
22/01/2023;2103
23/01/2023;8380
24/01/2023;5678
25/01/2023;5446
26/01/2023;4870
27/01/2023;4682
28/01/2023;3492
29/01/2023;1858
30/01/2023;7650
31/01/2023;5155
01/02/2023;5072
02/02/2023;4582
03/02/2023;4471
04/02/2023;3452
05/02/2023;1746
06/02/2023;7471
07/02/2023;4538
08/02/2023;4388
09/02/2023;3959
10/02/2023;3799
11/02/2023;2931
12/02/2023;1576
13/02/2023;6787
14/02/2023;4631
15/02/2023;4636
16/02/2023;4347
17/02/2023;4168
18/02/2023;3136
19/02/2023;1629
20/02/2023;6994
21/02/2023;4654
22/02/2023;4636
23/02/2023;4106
24/02/2023;3960
25/02/2023;2871
26/02/2023;1429
27/02/2023;5997
28/02/2023;3728
01/03/2023;3604
02/03/2023;3281
03/03/2023;3175
04/03/2023;2418
05/03/2023;1357
06/03/2023;5754
07/03/2023;3792
08/03/2023;3653
09/03/2023;3646
10/03/2023;3264
11/03/2023;2524
12/03/2023;1348
13/03/2023;5542
14/03/2023;3815
15/03/2023;3433
16/03/2023;3201
17/03/2023;3003
18/03/2023;2227
19/03/2023;1189
20/03/2023;5247
21/03/2023;3717
22/03/2023;3506
23/03/2023;3346
24/03/2023;3193
25/03/2023;2261
26/03/2023;1233
27/03/2023;5109
28/03/2023;3368
29/03/2023;3124
30/03/2023;2955
31/03/2023;2848
01/04/2023;2215
02/04/2023;1203
03/04/2023;4844
04/04/2023;3046
05/04/2023;2925
06/04/2023;2759
07/04/2023;2683
08/04/2023;2314
09/04/2023;990
10/04/2023;1558
11/04/2023;6744
12/04/2023;4829
13/04/2023;4364
14/04/2023;4144
15/04/2023;2921
16/04/2023;1450
17/04/2023;6439
18/04/2023;4228
19/04/2023;4165
20/04/2023;3695
21/04/2023;3536
22/04/2023;2602
23/04/2023;1290
24/04/2023;4759
25/04/2023;1435
26/04/2023;5666
27/04/2023;3535
28/04/2023;3198
29/04/2023;2291
30/04/2023;1284
01/05/2023;1495
02/05/2023;5275
03/05/2023;3347
04/05/2023;3105
05/05/2023;2772
06/05/2023;1923
07/05/2023;1107
08/05/2023;4193
09/05/2023;2689
10/05/2023;2516
11/05/2023;2171
12/05/2023;2048
13/05/2023;1417
14/05/2023;744
15/05/2023;3463
16/05/2023;2277
17/05/2023;2312
18/05/2023;2037
19/05/2023;1979
20/05/2023;1537
21/05/2023;865
22/05/2023;3437
23/05/2023;2458
24/05/2023;2406
25/05/2023;2226
26/05/2023;1963
27/05/2023;1408
28/05/2023;777
29/05/2023;3033
30/05/2023;1842
31/05/2023;1749
01/06/2023;1382
02/06/2023;527
03/06/2023;1322
04/06/2023;620
05/06/2023;2319
06/06/2023;1373
07/06/2023;1261
08/06/2023;1162
09/06/2023;1017
10/06/2023;791
11/06/2023;466
12/06/2023;1689
13/06/2023;1003
14/06/2023;984
15/06/2023;926
16/06/2023;850
17/06/2023;615
18/06/2023;322
19/06/2023;1371
20/06/2023;797
21/06/2023;750
22/06/2023;706
23/06/2023;674
24/06/2023;506
25/06/2023;291
26/06/2023;991
27/06/2023;637
28/06/2023;606
29/06/2023;538
30/06/2023;585
01/07/2023;402
02/07/2023;215
03/07/2023;826
04/07/2023;599
05/07/2023;557
06/07/2023;475
07/07/2023;439
08/07/2023;359
09/07/2023;197
10/07/2023;792
11/07/2023;513
12/07/2023;524
13/07/2023;496
14/07/2023;429
15/07/2023;344
16/07/2023;226
17/07/2023;829
18/07/2023;541
19/07/2023;540
20/07/2023;603
21/07/2023;542
22/07/2023;402
23/07/2023;273
24/07/2023;1074
25/07/2023;749
26/07/2023;766
27/07/2023;743
28/07/2023;706
29/07/2023;626
30/07/2023;347
31/07/2023;1416
01/08/2023;977
02/08/2023;1035
03/08/2023;965
04/08/2023;997
05/08/2023;646
06/08/2023;390
07/08/2023;1343
08/08/2023;959
09/08/2023;1022
10/08/2023;1026
11/08/2023;1040
12/08/2023;778
13/08/2023;524
14/08/2023;1539
15/08/2023;457
16/08/2023;1781
17/08/2023;1554
18/08/2023;1654
19/08/2023;1397
20/08/2023;730
21/08/2023;2913
22/08/2023;2194
23/08/2023;2125
24/08/2023;2137
25/08/2023;2026
26/08/2023;1629
27/08/2023;994
28/08/2023;3987
29/08/2023;2789
30/08/2023;2799
31/08/2023;2778
01/09/2023;2825
02/09/2023;2286
03/09/2023;1297
04/09/2023;5815
05/09/2023;4112
06/09/2023;4087
07/09/2023;3889
08/09/2023;3959
09/09/2023;3306
10/09/2023;1755
11/09/2023;8765
12/09/2023;5816
13/09/2023;5578
14/09/2023;5034
15/09/2023;5076
16/09/2023;3756
17/09/2023;1863
18/09/2023;9065
19/09/2023;6256
20/09/2023;6114
21/09/2023;5608
22/09/2023;5528
23/09/2023;3882
24/09/2023;1964
25/09/2023;9160
26/09/2023;6285
27/09/2023;6676
28/09/2023;6497
29/09/2023;6069
30/09/2023;4460
01/10/2023;2266
02/10/2023;11265
03/10/2023;7241
04/10/2023;6853
05/10/2023;6415
06/10/2023;5849
07/10/2023;4118
08/10/2023;1938
09/10/2023;9742
10/10/2023;6532
11/10/2023;6185
12/10/2023;5332
13/10/2023;5073
14/10/2023;3465
15/10/2023;1608
16/10/2023;7510
17/10/2023;4545
18/10/2023;4235
19/10/2023;4058
20/10/2023;3965
21/10/2023;2825
22/10/2023;1575
23/10/2023;7038
24/10/2023;4302
25/10/2023;4493
26/10/2023;4051
27/10/2023;4097
28/10/2023;2832
29/10/2023;1551
30/10/2023;6332
31/10/2023;3568
01/11/2023;1340
02/11/2023;5456
03/11/2023;3890
04/11/2023;2869
05/11/2023;1423
06/11/2023;7453
07/11/2023;4723
08/11/2023;4898
09/11/2023;4483
10/11/2023;4465
11/11/2023;3333
12/11/2023;1897
13/11/2023;8973
14/11/2023;6764
15/11/2023;6928
16/11/2023;6732
17/11/2023;6308
18/11/2023;4423
19/11/2023;2342
20/11/2023;11636
21/11/2023;7984
22/11/2023;8092
23/11/2023;7516
24/11/2023;7322
25/11/2023;4565
26/11/2023;2601
27/11/2023;12544
28/11/2023;8866
29/11/2023;9137
30/11/2023;8329
01/12/2023;8588
02/12/2023;6027
03/12/2023;3204
04/12/2023;14312
05/12/2023;9139
06/12/2023;9328
07/12/2023;7961
08/12/2023;2755
09/12/2023;7419
10/12/2023;3421
11/12/2023;17119
12/12/2023;11357
13/12/2023;10737
14/12/2023;9786
15/12/2023;8718
16/12/2023;5800
17/12/2023;2844
18/12/2023;13344
19/12/2023;8879
20/12/2023;8522
21/12/2023;8001
22/12/2023;8229
23/12/2023;7076
24/12/2023;4088
25/12/2023;1974
26/12/2023;2937
27/12/2023;10538
28/12/2023;6718
29/12/2023;6347
30/12/2023;4724
31/12/2023;2298
01/01/2024;1464
02/01/2024;6869
03/01/2024;4088
04/01/2024;3756
05/01/2024;3217
06/01/2024;1054
07/01/2024;1246
08/01/2024;4085
09/01/2024;2220
10/01/2024;1950
11/01/2024;1536
12/01/2024;1375
13/01/2024;938
14/01/2024;528
15/01/2024;1809
16/01/2024;1193
17/01/2024;1028
18/01/2024;918
19/01/2024;841
20/01/2024;600
21/01/2024;328
22/01/2024;1136
23/01/2024;663
24/01/2024;669
25/01/2024;576
26/01/2024;523
27/01/2024;416
28/01/2024;241
29/01/2024;798
30/01/2024;527
31/01/2024;496
01/02/2024;443
02/02/2024;395
03/02/2024;326
04/02/2024;196
05/02/2024;613
06/02/2024;445
07/02/2024;380
08/02/2024;347
09/02/2024;316
10/02/2024;219
11/02/2024;150
12/02/2024;431
13/02/2024;343
14/02/2024;274
15/02/2024;249
16/02/2024;194
17/02/2024;150
18/02/2024;96
19/02/2024;309
20/02/2024;204
21/02/2024;200
22/02/2024;195
23/02/2024;156
24/02/2024;109
25/02/2024;85
26/02/2024;201
27/02/2024;158
28/02/2024;141
29/02/2024;179
01/03/2024;127
02/03/2024;74
03/03/2024;66
04/03/2024;159
05/03/2024;130
06/03/2024;114
07/03/2024;114
08/03/2024;101
09/03/2024;89
10/03/2024;57
11/03/2024;143
12/03/2024;106
13/03/2024;96
14/03/2024;125
15/03/2024;95
16/03/2024;85
17/03/2024;47
18/03/2024;138
19/03/2024;100
20/03/2024;86
21/03/2024;90
22/03/2024;84
23/03/2024;78
24/03/2024;45
25/03/2024;100
26/03/2024;84
27/03/2024;74
28/03/2024;89
29/03/2024;74
30/03/2024;64
31/03/2024;37
01/04/2024;57
02/04/2024;131
03/04/2024;112
04/04/2024;89
05/04/2024;83
06/04/2024;56
07/04/2024;41
08/04/2024;114
09/04/2024;91
10/04/2024;85
11/04/2024;73
12/04/2024;58
13/04/2024;63
14/04/2024;37
15/04/2024;126
16/04/2024;87
17/04/2024;65
18/04/2024;72
19/04/2024;77
20/04/2024;71
21/04/2024;39
22/04/2024;95
23/04/2024;88
24/04/2024;91
25/04/2024;46
26/04/2024;109
27/04/2024;69
28/04/2024;74
29/04/2024;157
30/04/2024;128
01/05/2024;56
02/05/2024;101
03/05/2024;94
04/05/2024;78
05/05/2024;52
06/05/2024;148
07/05/2024;124
08/05/2024;129
09/05/2024;111
10/05/2024;98
11/05/2024;96
12/05/2024;68
13/05/2024;175
14/05/2024;135
15/05/2024;138
16/05/2024;117
17/05/2024;112
18/05/2024;85
19/05/2024;70
20/05/2024;187
21/05/2024;144
22/05/2024;132
23/05/2024;129
24/05/2024;146
25/05/2024;118
26/05/2024;95
27/05/2024;251
28/05/2024;199
29/05/2024;204
30/05/2024;190
31/05/2024;177
01/06/2024;155
02/06/2024;92
03/06/2024;337
04/06/2024;246
05/06/2024;212
06/06/2024;247
07/06/2024;234
08/06/2024;207
09/06/2024;103
10/06/2024;423
11/06/2024;275
12/06/2024;303
13/06/2024;333
14/06/2024;266
15/06/2024;207
16/06/2024;154
17/06/2024;481
18/06/2024;383
19/06/2024;396
20/06/2024;379
21/06/2024;356
22/06/2024;283
23/06/2024;209
24/06/2024;589
25/06/2024;488
26/06/2024;487
27/06/2024;527
28/06/2024;539
29/06/2024;358
30/06/2024;311
01/07/2024;947
02/07/2024;742
03/07/2024;677
04/07/2024;687
05/07/2024;669
06/07/2024;631
07/07/2024;369
08/07/2024;1506
09/07/2024;1209
10/07/2024;1233
11/07/2024;1303
12/07/2024;1231
13/07/2024;964
14/07/2024;569
15/07/2024;2171
16/07/2024;1834
17/07/2024;1751
18/07/2024;1865
19/07/2024;1807
20/07/2024;1456
21/07/2024;886
22/07/2024;3654
23/07/2024;2687
24/07/2024;2697
25/07/2024;2507
26/07/2024;2310
27/07/2024;1707
28/07/2024;1003
29/07/2024;4146
30/07/2024;2893
31/07/2024;2848
01/08/2024;2630
02/08/2024;2411
03/08/2024;1812
04/08/2024;981
05/08/2024;4203
06/08/2024;2698
07/08/2024;2687
08/08/2024;2447
09/08/2024;2433
10/08/2024;1751
11/08/2024;897
12/08/2024;3225
13/08/2024;2351
14/08/2024;2056
15/08/2024;730
16/08/2024;2331
17/08/2024;1629
18/08/2024;928
19/08/2024;3398
20/08/2024;2362
21/08/2024;2370
22/08/2024;2128
23/08/2024;2203
24/08/2024;1528
25/08/2024;911
26/08/2024;3310
27/08/2024;2253
28/08/2024;2227
29/08/2024;1957
30/08/2024;1890
31/08/2024;1286
01/09/2024;748
02/09/2024;2890
03/09/2024;1888
04/09/2024;1727
05/09/2024;1400
06/09/2024;1346
07/09/2024;1014
08/09/2024;563
09/09/2024;2101
10/09/2024;1448
11/09/2024;1413
12/09/2024;1251
13/09/2024;1129
14/09/2024;742
15/09/2024;444
16/09/2024;1908
17/09/2024;1418
18/09/2024;1431
19/09/2024;1474
20/09/2024;1532
21/09/2024;1146
22/09/2024;731
23/09/2024;2990
24/09/2024;2165
25/09/2024;2079
26/09/2024;1899
27/09/2024;1892
28/09/2024;1326
29/09/2024;687
30/09/2024;3140
01/10/2024;2001
02/10/2024;2058
03/10/2024;1796
04/10/2024;1728
05/10/2024;1146
06/10/2024;701
07/10/2024;2786
08/10/2024;1723
09/10/2024;1913
10/10/2024;1856
11/10/2024;1707
12/10/2024;1072
13/10/2024;678
14/10/2024;2458
15/10/2024;1699
16/10/2024;1515
17/10/2024;1434
18/10/2024;1274
19/10/2024;782
20/10/2024;540
21/10/2024;1791
22/10/2024;1113
23/10/2024;1050
24/10/2024;969
25/10/2024;831
26/10/2024;589
27/10/2024;339
28/10/2024;1141
29/10/2024;759
30/10/2024;691
31/10/2024;608
01/11/2024;224
02/11/2024;458
03/11/2024;240
04/11/2024;830
05/11/2024;508
06/11/2024;490
07/11/2024;442
08/11/2024;391
09/11/2024;305
10/11/2024;180
11/11/2024;552
12/11/2024;424
13/11/2024;345
14/11/2024;365
15/11/2024;350
16/11/2024;240
17/11/2024;158
18/11/2024;489
19/11/2024;416
20/11/2024;345
21/11/2024;339
22/11/2024;320
23/11/2024;218
24/11/2024;139
25/11/2024;466
26/11/2024;305
27/11/2024;365
28/11/2024;339
29/11/2024;326
30/11/2024;233
01/12/2024;146
02/12/2024;445
03/12/2024;310
04/12/2024;301
05/12/2024;298
06/12/2024;254
07/12/2024;213
08/12/2024;158
09/12/2024;422
10/12/2024;312
11/12/2024;309
12/12/2024;300
13/12/2024;231
14/12/2024;195
15/12/2024;127
16/12/2024;377
17/12/2024;293
18/12/2024;296
19/12/2024;293
20/12/2024;265
21/12/2024;183
22/12/2024;145
23/12/2024;342
24/12/2024;272
25/12/2024;119
26/12/2024;176
27/12/2024;337
28/12/2024;235
29/12/2024;163
30/12/2024;368
31/12/2024;282
01/01/2025;155
02/01/2025;295
03/01/2025;271
04/01/2025;207
05/01/2025;139
06/01/2025;183
07/01/2025;375
08/01/2025;293
09/01/2025;235
10/01/2025;230
11/01/2025;186
12/01/2025;126
13/01/2025;225
14/01/2025;178
15/01/2025;159
16/01/2025;150
17/01/2025;140
18/01/2025;121
19/01/2025;104
20/01/2025;183
21/01/2025;175
22/01/2025;131
23/01/2025;134
24/01/2025;133
25/01/2025;106
26/01/2025;103
27/01/2025;164
28/01/2025;139
29/01/2025;113
30/01/2025;119
31/01/2025;109
01/02/2025;96
02/02/2025;64
03/02/2025;133
04/02/2025;95
05/02/2025;94
06/02/2025;98
07/02/2025;96
08/02/2025;60
09/02/2025;62
10/02/2025;123
11/02/2025;92
12/02/2025;79
13/02/2025;74
14/02/2025;73
15/02/2025;90
16/02/2025;61
17/02/2025;65
18/02/2025;69
19/02/2025;88
20/02/2025;63
21/02/2025;72
22/02/2025;71
23/02/2025;51
24/02/2025;103
25/02/2025;78
26/02/2025;74
27/02/2025;74
28/02/2025;71
01/03/2025;54
02/03/2025;50
03/03/2025;76
04/03/2025;70
05/03/2025;71
06/03/2025;54
07/03/2025;70
08/03/2025;46
09/03/2025;39
10/03/2025;68
11/03/2025;58
12/03/2025;66
13/03/2025;49
14/03/2025;47
15/03/2025;47
16/03/2025;31
17/03/2025;76
18/03/2025;50
19/03/2025;42
20/03/2025;42
21/03/2025;50
22/03/2025;40
23/03/2025;25
24/03/2025;60
25/03/2025;49
26/03/2025;46
27/03/2025;50
28/03/2025;48
29/03/2025;31
30/03/2025;37
31/03/2025;68
01/04/2025;42
02/04/2025;48
03/04/2025;43
04/04/2025;44
05/04/2025;35
06/04/2025;35
07/04/2025;45
08/04/2025;54
09/04/2025;41
10/04/2025;36
11/04/2025;51
12/04/2025;41
13/04/2025;28
14/04/2025;49
15/04/2025;56
16/04/2025;39
17/04/2025;39
18/04/2025;40
19/04/2025;28
20/04/2025;19
21/04/2025;27
22/04/2025;55
23/04/2025;41
24/04/2025;34
25/04/2025;27
26/04/2025;25
27/04/2025;32
28/04/2025;50
29/04/2025;42
30/04/2025;34
01/05/2025;16
02/05/2025;38
03/05/2025;32
04/05/2025;20
05/05/2025;47
06/05/2025;38
07/05/2025;26
08/05/2025;33
09/05/2025;31
10/05/2025;17
11/05/2025;17
12/05/2025;54
13/05/2025;34
14/05/2025;49
15/05/2025;39
16/05/2025;47
17/05/2025;30
18/05/2025;29
19/05/2025;44
20/05/2025;55
21/05/2025;33
22/05/2025;60
23/05/2025;32
24/05/2025;34
25/05/2025;24
26/05/2025;70
27/05/2025;48
28/05/2025;51
29/05/2025;62
30/05/2025;50
31/05/2025;34
01/06/2025;32
02/06/2025;35
03/06/2025;78
04/06/2025;62
05/06/2025;61
06/06/2025;51
07/06/2025;41
08/06/2025;33
09/06/2025;77
10/06/2025;65
11/06/2025;54
12/06/2025;55
13/06/2025;51
14/06/2025;42
15/06/2025;43
16/06/2025;72
17/06/2025;62
18/06/2025;48
19/06/2025;51
20/06/2025;38
21/06/2025;38
22/06/2025;27
23/06/2025;54
24/06/2025;51
25/06/2025;51
26/06/2025;43
27/06/2025;44
28/06/2025;51
29/06/2025;17
30/06/2025;61
01/07/2025;45
02/07/2025;61
03/07/2025;46
04/07/2025;61
05/07/2025;42
06/07/2025;23
07/07/2025;84
08/07/2025;55
09/07/2025;49
10/07/2025;47
11/07/2025;57
12/07/2025;41
13/07/2025;40
14/07/2025;86
15/07/2025;93
16/07/2025;73
17/07/2025;73
18/07/2025;71
19/07/2025;46
20/07/2025;46
21/07/2025;103
22/07/2025;92
23/07/2025;99
24/07/2025;76
25/07/2025;77
26/07/2025;47
27/07/2025;26
28/07/2025;115
29/07/2025;96
30/07/2025;99
31/07/2025;94
01/08/2025;116
02/08/2025;67
03/08/2025;58
04/08/2025;163
05/08/2025;128
06/08/2025;128
07/08/2025;116
08/08/2025;168
09/08/2025;95
10/08/2025;74
11/08/2025;195
12/08/2025;176
13/08/2025;173
14/08/2025;135
15/08/2025;77
16/08/2025;143
17/08/2025;80
18/08/2025;267
19/08/2025;211
20/08/2025;209
21/08/2025;191
22/08/2025;174
23/08/2025;140
24/08/2025;121
25/08/2025;346
26/08/2025;307
27/08/2025;310
28/08/2025;314
29/08/2025;265
30/08/2025;224
31/08/2025;174
01/09/2025;507
02/09/2025;336
03/09/2025;406
04/09/2025;406
05/09/2025;366
06/09/2025;280
07/09/2025;194
08/09/2025;642
09/09/2025;569
10/09/2025;570
11/09/2025;542
12/09/2025;537
13/09/2025;369
14/09/2025;227
15/09/2025;913
16/09/2025;712
17/09/2025;679
18/09/2025;620
19/09/2025;650
20/09/2025;431
21/09/2025;251
22/09/2025;964
23/09/2025;719
24/09/2025;659
25/09/2025;643
26/09/2025;567
27/09/2025;376
28/09/2025;243
29/09/2025;904
30/09/2025;695
01/10/2025;654
02/10/2025;613
03/10/2025;551
04/10/2025;333
05/10/2025;217
06/10/2025;862
07/10/2025;652
08/10/2025;648
09/10/2025;618
10/10/2025;632
11/10/2025;464
12/10/2025;246
13/10/2025;921
14/10/2025;622
15/10/2025;677
16/10/2025;551
17/10/2025;491
18/10/2025;304
19/10/2025;180
20/10/2025;613
21/10/2025;485
22/10/2025;443
23/10/2025;394
24/10/2025;340
25/10/2025;230
26/10/2025;140
27/10/2025;520
28/10/2025;322
29/10/2025;316
30/10/2025;266
31/10/2025;264
01/11/2025;106
02/11/2025;126
03/11/2025;376
04/11/2025;235
05/11/2025;217
06/11/2025;238
07/11/2025;198
08/11/2025;125
09/11/2025;100
10/11/2025;276
11/11/2025;206
12/11/2025;187
13/11/2025;187
14/11/2025;168
15/11/2025;128
16/11/2025;87
17/11/2025;217
18/11/2025;162
19/11/2025;155
20/11/2025;131
21/11/2025;138
22/11/2025;91
23/11/2025;49
24/11/2025;170
25/11/2025;133
26/11/2025;162
27/11/2025;135
28/11/2025;112
29/11/2025;75
30/11/2025;67
01/12/2025;246
02/12/2025;206
03/12/2025;278
04/12/2025;284
05/12/2025;370
06/12/2025;86
07/12/2025;77
08/12/2025;77
09/12/2025;494
10/12/2025;327
11/12/2025;346
12/12/2025;392
13/12/2025;80
14/12/2025;66
15/12/2025;544
16/12/2025;386
17/12/2025;426
18/12/2025;596
19/12/2025;620
20/12/2025;119
21/12/2025;97
22/12/2025;818
23/12/2025;672
24/12/2025;164
25/12/2025;57
26/12/2025;107
27/12/2025;141
28/12/2025;79
29/12/2025;508
30/12/2025;308
31/12/2025;103
01/01/2026;36
02/01/2026;283
03/01/2026;64
04/01/2026;68
05/01/2026;212
06/01/2026;32
